Search,Cost,Clicks,Impressions,Conversions
cleaning london,US$0.00,0,3,0.00
cleaning service in london,US$0.00,0,3,0.00
cleaning services in london,US$1.06,1,3,0.00
deep clean service london,US$0.00,0,3,0.00
deep clean services london,US$0.00,0,3,0.00
office cleaning london,US$0.00,0,3,0.00
cleaning agencies london,US$3.21,2,2,0.00
cleaning agency in london,US$2.57,1,2,0.00
cleaning agency london,US$0.00,0,2,0.00
cleaning company in london,US$0.00,0,2,0.00
cleaning services london,US$0.00,0,2,0.00
home cleaning london,US$0.99,1,2,0.00
house cleaning services in london,US$0.00,0,2,0.00
london cleaning companies,US$0.00,0,2,0.00
london cleaning services,US$0.00,0,2,0.00
london house cleaners,US$0.00,0,2,0.00
one off deep clean london,US$0.00,0,2,0.00
same day cleaning london,US$0.00,0,2,0.00
best cleaning service london,US$0.00,0,1,0.00
best deep cleaning services london,US$0.00,0,1,0.00
carpet cleaners in london,US$0.00,0,1,0.00
carpet cleaners london,US$0.00,0,1,0.00
carpet cleaning london,US$0.00,0,1,0.00
cleaner london,US$0.95,1,1,0.00
cleaners london,US$0.00,0,1,0.00
cleaning company london,US$0.00,0,1,0.00
deep cleaning london,US$0.00,0,1,0.00
deep cleaning services london,US$0.00,0,1,0.00
end of tenancy cleaning london,US$0.00,0,1,0.00
home cleaning companies london,US$0.00,0,1,0.00
home cleaning services in london,US$0.00,0,1,0.00
house cleaning london,US$0.00,0,1,0.00
house cleaning services london,US$0.00,0,1,0.00
housekeeper in london,US$0.00,0,1,0.00
london cleaning company,US$0.00,0,1,0.00
london home cleaning,US$0.00,0,1,0.00
london house keeping,US$0.00,0,1,0.00
maid in london cleaning,US$0.00,0,1,0.00
professional cleaners in london,US$0.00,0,1,0.00
specialist cleaning london,US$0.94,1,1,0.00
